{"cameraMode":{"drawMode":0,"name":"Shaded","section":"Shading Mode"},"sceneLighting":false,"audioPlay":false,"sceneViewState":{"showFog":true,"showMaterialUpdate":true,"showSkybox":false,"showFlares":true,"showImageEffects":true,"showParticleSystems":true},"in2DMode":false,"pivot":{"x":1.51611328125,"y":2.4199395179748537,"z":-1.169564962387085},"rotation":{"x":-0.3115861713886261,"y":0.34847524762153628,"z":0.1240532323718071,"w":0.8752681612968445},"size":0.5967069864273071,"orthographic":true}