{"cameraMode":{"drawMode":0,"name":"Shaded","section":"Shading Mode"},"sceneLighting":true,"audioPlay":false,"sceneViewState":{"showFog":true,"showMaterialUpdate":true,"showSkybox":false,"showFlares":true,"showImageEffects":true,"showParticleSystems":true},"in2DMode":false,"pivot":{"x":-0.0791015625,"y":0.9699103832244873,"z":0.0459766760468483},"rotation":{"x":0.10598042607307434,"y":-0.8024013638496399,"z":0.14974606037139893,"w":0.5678873062133789},"size":3.680774211883545,"orthographic":true}