{"cameraMode":{"drawMode":0,"name":"Shaded","section":"Shading Mode"},"sceneLighting":true,"audioPlay":false,"sceneViewState":{"showFog":true,"showMaterialUpdate":true,"showSkybox":false,"showFlares":true,"showImageEffects":true,"showParticleSystems":true},"in2DMode":false,"pivot":{"x":0.8656344413757324,"y":0.87890625,"z":-2.4637131690979006},"rotation":{"x":0.09530731290578842,"y":-0.13889533281326295,"z":0.013430806808173657,"w":0.9856187701225281},"size":9.699484825134278,"orthographic":true}