{"cameraMode":{"drawMode":0,"name":"Shaded","section":"Shading Mode"},"sceneLighting":false,"audioPlay":false,"sceneViewState":{"showFog":true,"showMaterialUpdate":true,"showSkybox":false,"showFlares":true,"showImageEffects":true,"showParticleSystems":true},"in2DMode":false,"pivot":{"x":-1.2700001001358033,"y":1.5499999523162842,"z":-0.9990208148956299},"rotation":{"x":-0.3115861713886261,"y":0.34847524762153628,"z":0.1240532323718071,"w":0.8752681612968445},"size":0.3081362843513489,"orthographic":true}