{"cameraMode":{"drawMode":0,"name":"Shaded","section":"Shading Mode"},"sceneLighting":true,"audioPlay":false,"sceneViewState":{"showFog":true,"showMaterialUpdate":true,"showSkybox":false,"showFlares":true,"showImageEffects":true,"showParticleSystems":true},"in2DMode":false,"pivot":{"x":-0.16200891137123109,"y":1.6991384029388428,"z":-0.00700692692771554},"rotation":{"x":0.011121448129415512,"y":-0.9856489896774292,"z":0.07197937369346619,"w":0.15229123830795289},"size":7.378537178039551,"orthographic":true}