{"cameraMode":{"drawMode":0,"name":"Shaded","section":"Shading Mode"},"sceneLighting":true,"audioPlay":false,"sceneViewState":{"showFog":true,"showMaterialUpdate":true,"showSkybox":false,"showFlares":true,"showImageEffects":true,"showParticleSystems":true},"in2DMode":false,"pivot":{"x":-0.0791015625,"y":0.9699103832244873,"z":0.0459766760468483},"rotation":{"x":-0.10949179530143738,"y":-0.7656332850456238,"z":0.13537056744098664,"w":-0.6192670464515686},"size":3.680774211883545,"orthographic":true}