{"cameraMode":{"drawMode":0,"name":"Shaded","section":"Shading Mode"},"sceneLighting":true,"audioPlay":false,"sceneViewState":{"showFog":true,"showMaterialUpdate":true,"showSkybox":false,"showFlares":true,"showImageEffects":true,"showParticleSystems":true},"in2DMode":false,"pivot":{"x":0.09746965765953064,"y":1.4794921875,"z":-0.4188730716705322},"rotation":{"x":0.39484018087387087,"y":-0.004134356044232845,"z":0.0017767851240932942,"w":0.9187391400337219},"size":5.090915203094482,"orthographic":true}