{"cameraMode":{"drawMode":0,"name":"Shaded","section":"Shading Mode"},"sceneLighting":true,"audioPlay":false,"sceneViewState":{"showFog":true,"showMaterialUpdate":true,"showSkybox":false,"showFlares":true,"showImageEffects":true,"showParticleSystems":true},"in2DMode":false,"pivot":{"x":-0.3020331859588623,"y":0.8954929113388062,"z":-2.7164716720581056},"rotation":{"x":0.017416441813111306,"y":0.3220962882041931,"z":-0.0059265210293233398,"w":0.9465292692184448},"size":6.71082067489624,"orthographic":true}